{
  "setup_name": "final",
  "income_tax_rate": 0.2,
  "aggregate_capital_init": 10.335472835730817,
  "aggregate_labor_init": 1.926302566360526
}
