{
  "setup_name": "initial",
  "income_tax_rate": 0.2,
  "aggregate_capital_init": 8.681920749470676,
  "aggregate_labor_init": 1.9010411041132502
}
