{
  "setup_name": "initial",
  "income_tax_rate": 0.2,
  "aggregate_capital_init": 9.119890800057682,
  "aggregate_labor_init": 1.8884846484034767
}
