{
  "setup_name": "initial",
  "income_tax_rate": 0.2,
  "aggregate_capital_init": 8.716625414651702,
  "aggregate_labor_init": 1.9043878010886548
}
