{
  "setup_name": "final",
  "income_tax_rate": 0.2,
  "aggregate_capital_init": 10.106761548186448,
  "aggregate_labor_init": 1.8869321736146532
}
