{
  "setup_name": "initial",
  "income_tax_rate": 0.2,
  "aggregate_capital_init": 8.017771630244232,
  "aggregate_labor_init": 1.8570851741872274
}
