{
  "setup_name": "final",
  "income_tax_rate": 0.2,
  "aggregate_capital_init": 10.561906793221162,
  "aggregate_labor_init": 1.930471668195404
}
