{
  "setup_name": "initial",
  "income_tax_rate": 0.2,
  "aggregate_capital_init": 8.225489929851523,
  "aggregate_labor_init": 1.860373418596094
}
