{
  "setup_name": "final",
  "income_tax_rate": 0.2,
  "aggregate_capital_init": 11.244397031846551,
  "aggregate_labor_init": 1.9993924260190699
}
