{
  "setup_name": "initial",
  "income_tax_rate": 0.2,
  "aggregate_capital_init": 8.749802643163928,
  "aggregate_labor_init": 1.8526398145884446
}
