{
  "setup_name": "final",
  "income_tax_rate": 0.2,
  "aggregate_capital_init": 9.451481514763179,
  "aggregate_labor_init": 1.7636018218487992
}
