{
  "setup_name": "initial",
  "income_tax_rate": 0.2,
  "aggregate_capital_init": 8.716866526603733,
  "aggregate_labor_init": 1.9044110523903568
}
