{
  "setup_name": "final",
  "income_tax_rate": 0.2,
  "aggregate_capital_init": 9.519155532275827,
  "aggregate_labor_init": 1.776569855156679
}
