{
  "setup_name": "initial",
  "income_tax_rate": 0.2,
  "aggregate_capital_init": 8.716978231656595,
  "aggregate_labor_init": 1.9044218245145248
}
