{
  "setup_name": "final",
  "income_tax_rate": 0.2,
  "aggregate_capital_init": 9.487682793422548,
  "aggregate_labor_init": 1.7713489963860132
}
