{
  "setup_name": "final",
  "income_tax_rate": 0.2,
  "aggregate_capital_init": 10.328744834812365,
  "aggregate_labor_init": 1.9270095852982014
}
