{
  "setup_name": "initial",
  "income_tax_rate": 0.2,
  "aggregate_capital_init": 8.002403065349673,
  "aggregate_labor_init": 1.847492909236101
}
