{
  "duration_transition": 55,
  "mortality_adjustment_start_time": 5,
  "mortality_adjustment_end_time": 29,
  "mortality_adjustment_factor": 0.95,
  "aggregate_capital_init": [
    8.68192075,
    8.81468764,
    8.91410234,
    9.00470538,
    9.08774157,
    9.16250684,
    9.22956645,
    9.29151194,
    9.34906668,
    9.40204343,
    9.45069265,
    9.49563739,
    9.53701126,
    9.57568659,
    9.61248533,
    9.64663533,
    9.67868965,
    9.71017504,
    9.73984099,
    9.7693636,
    9.79869313,
    9.8287059,
    9.86068567,
    9.89466446,
    9.9294698,
    9.96532354,
    10.00287815,
    10.04073141,
    10.07975093,
    10.1195183,
    10.15650087,
    10.19268263,
    10.22400064,
    10.25535973,
    10.28647255,
    10.31843211,
    10.35067041,
    10.3842743,
    10.41905166,
    10.4571821,
    10.49775179,
    10.53833781,
    10.58029245,
    10.62345748,
    10.6666415,
    10.71403634,
    10.76442416,
    10.81771,
    10.87092521,
    10.92773486,
    10.97848262,
    11.02570126,
    11.07222617,
    11.1175943,
    11.16716502,
    11.22230112
  ],
  "aggregate_labor_init": [
    1.9032491,
    1.90252532,
    1.90180154,
    1.90107777,
    1.90035399,
    1.89963022,
    1.89890644,
    1.89845231,
    1.89840605,
    1.89873819,
    1.89950359,
    1.90068161,
    1.9022545,
    1.90420677,
    1.90652515,
    1.9091973,
    1.91221215,
    1.91555865,
    1.91922534,
    1.92318161,
    1.92739577,
    1.93183428,
    1.936871,
    1.94202851,
    1.94727164,
    1.95312258,
    1.9589487,
    1.96536924,
    1.9716524,
    1.97852628,
    1.98514321,
    1.99227514,
    1.99976647,
    2.00756463,
    2.01557411,
    2.02374796,
    2.03203975,
    2.04040642,
    2.04880637,
    2.05718317,
    2.06548485,
    2.07366389,
    2.08167684,
    2.08949548,
    2.0970943,
    2.10445359,
    2.11133617,
    2.11603715,
    2.12260396,
    2.11862296,
    2.11858134,
    2.11875568,
    2.11848052,
    2.12447751,
    2.12918267,
    2.16444437
  ]
}
