{
  "duration_transition": 55,
  "aggregate_capital_init": [
    8.74979489,
    8.72094397,
    8.73197817,
    8.75023778,
    8.76795052,
    8.7856129,
    8.8106824,
    8.83025411,
    8.8517889,
    8.87527102,
    8.90067904,
    8.92798746,
    8.95716563,
    8.98818057,
    9.02955687,
    9.0625914,
    9.09658422,
    9.14136223,
    9.19359012,
    9.25041598,
    9.3039526,
    9.35953741,
    9.42266301,
    9.48697261,
    9.55255232,
    9.61890546,
    9.68619992,
    9.74691558,
    9.80776175,
    9.86924401,
    9.93039065,
    9.98311317,
    10.04357615,
    10.09773738,
    10.15173643,
    10.2124676,
    10.28280174,
    10.34542667,
    10.40615239,
    10.47317366,
    10.56397873,
    10.64604232,
    10.70628508,
    10.75221909,
    10.80137618,
    10.86770389,
    10.94105298,
    11.05265406,
    11.18993313,
    11.32541918,
    11.47183909,
    11.60492284,
    11.74277012,
    11.88899024,
    12.03727532,
    12.18938586
  ],
  "aggregate_labor_init": [
    1.81751623,
    1.84997295,
    1.85740011,
    1.8568951,
    1.85689499,
    1.85689487,
    1.85689476,
    1.85733268,
    1.85849108,
    1.86032897,
    1.86281307,
    1.86591256,
    1.86960065,
    1.87385396,
    1.87365686,
    1.87641746,
    1.88713149,
    1.89234658,
    1.89994977,
    1.90591162,
    1.91637265,
    1.93146833,
    1.94071151,
    1.95072194,
    1.96058516,
    1.97143777,
    1.98317566,
    1.99443592,
    2.00662799,
    2.01810836,
    2.03058701,
    2.04381284,
    2.05750249,
    2.07157571,
    2.08595402,
    2.10056443,
    2.11533301,
    2.13019591,
    2.14850149,
    2.17915939,
    2.1869819,
    2.19999025,
    2.19811452,
    2.21160873,
    2.22485442,
    2.2373563,
    2.24961815,
    2.26104679,
    2.27225455,
    2.28252822,
    2.2919261,
    2.30119203,
    2.30950658,
    2.31491154,
    2.31852782,
    2.31949706
  ]
}
