{
  "duration_transition": 55,
  "aggregate_capital_init": [
    8.74979489,
    8.71990412,
    8.73272951,
    8.7508551,
    8.76856607,
    8.78622655,
    8.81129417,
    8.83086367,
    8.85239618,
    8.87587596,
    8.90128169,
    8.92858765,
    8.95776324,
    8.98877552,
    9.02985956,
    9.06329048,
    9.09862303,
    9.14149218,
    9.19166949,
    9.24879871,
    9.30239253,
    9.35964442,
    9.42282555,
    9.48713443,
    9.55271748,
    9.61907411,
    9.68637365,
    9.74709112,
    9.80793962,
    9.86942436,
    9.93060002,
    9.98332262,
    10.04378938,
    10.09764903,
    10.15165105,
    10.2130044,
    10.28274159,
    10.34443889,
    10.40493082,
    10.47371097,
    10.56161598,
    10.64848974,
    10.70407474,
    10.75000406,
    10.79915929,
    10.86571417,
    10.9390621,
    11.05067022,
    11.18916315,
    11.32530841,
    11.47118912,
    11.60397678,
    11.74128604,
    11.88751142,
    12.03580129,
    12.18792117
  ],
  "aggregate_labor_init": [
    1.81596284,
    1.85180686,
    1.8572665,
    1.85689528,
    1.85689519,
    1.85689511,
    1.85689503,
    1.85733298,
    1.85849143,
    1.86032949,
    1.86281357,
    1.86591315,
    1.86960136,
    1.87385467,
    1.87498013,
    1.87841738,
    1.88439672,
    1.88969471,
    1.89969382,
    1.90640498,
    1.91805349,
    1.9315279,
    1.94071463,
    1.95072513,
    1.96058852,
    1.97144135,
    1.98317922,
    1.99443973,
    2.00663208,
    2.01811288,
    2.03059158,
    2.04381772,
    2.05750768,
    2.07158122,
    2.08595986,
    2.10057034,
    2.11533924,
    2.13020207,
    2.14959415,
    2.17680998,
    2.19211595,
    2.19575282,
    2.19812275,
    2.21161727,
    2.22486325,
    2.23736541,
    2.24962754,
    2.26105645,
    2.27226446,
    2.28253837,
    2.29193647,
    2.30120262,
    2.30951745,
    2.31492245,
    2.31853904,
    2.31950811
  ]
}
